{
  "metrics_test": {
    "SMAPE": 98.93257904052734,
    "MSE": 6.919182737874507e-08,
    "RMSE": 0.0002630433944784493,
    "R2": 0.2602715492248535,
    "Coverage90": 0.6330527021779802
  },
  "config": {
    "seq_len": 12,
    "latent_dim": 12,
    "noise_dim": 16,
    "lstm_units": 128
  },
  "notes": "Upazila-wise split; last 6M TEST, prev 6M VAL; indicators\u2192CondVAE\u2192PCs + lagged indicators + seasonality."
}