{
  "metrics_test": {
    "SMAPE": 59.0899772644043,
    "MSE": 3.355415112427096e-10,
    "RMSE": 1.831779220437631e-05,
    "R2": 0.9964127540588379,
    "Coverage90": 0.6786155529669243
  },
  "config": {
    "seq_len": 12,
    "latent_dim": 12,
    "noise_dim": 16,
    "lstm_units": 128
  },
  "notes": "Upazila-wise split; last 6M TEST, prev 6M VAL; indicators\u2192CondVAE\u2192PCs + lagged indicators + seasonality."
}