{
  "metrics_test": {
    "SMAPE": 59.294307708740234,
    "MSE": 6.495795457084341e-09,
    "RMSE": 8.059649779664338e-05,
    "R2": 0.9974508285522461,
    "Coverage90": 0.7666701966183064
  },
  "config": {
    "seq_len": 12,
    "latent_dim": 12,
    "noise_dim": 16,
    "lstm_units": 128
  },
  "notes": "Upazila-wise split; last 6M TEST, prev 6M VAL; indicators\u2192CondVAE\u2192PCs + lagged indicators + seasonality."
}