{
  "metrics_test": {
    "SMAPE": 38.689422607421875,
    "MSE": 2.372920748783258e-09,
    "RMSE": 4.871263438558069e-05,
    "R2": 0.9858922958374023,
    "Coverage90": 0.6078753221080871
  },
  "config": {
    "seq_len": 12,
    "latent_dim": 12,
    "noise_dim": 16,
    "lstm_units": 128
  },
  "notes": "Upazila-wise split; last 6M TEST, prev 6M VAL; indicators\u2192CondVAE\u2192PCs + lagged indicators + seasonality."
}